Codon#,Codon Start,Triplet,Syn (s),Nonsyn (n),Syn sites (S),Nonsyn sites (N),dS,dN,dN-dS,P-value,Normalized dN-dS
1,424,CCG,2,2,0.991307204192125,2.00869279580788,2.01753804627085,0.995672411517572,-1.02186563475328,0.891447740147381,-0.442823011417388
2,427,CCG,2,3,1.00476496890862,1.99523503109138,1.99051525668974,1.50358226136347,-0.486932995326268,0.787764792957243,-0.211011240632363
3,430,GAG,2,4,0.366208669945416,2.34391521399689,5.46136714976766,1.70654636998542,-3.75482077978223,0.964096199998707,-1.62714254055251
4,433,CTC,2,1,0.985964621743646,2.01403537825635,2.02847034862475,0.496515607817052,-1.5319547408077,0.964500663855396,-0.663868896856872
5,436,GGC,3,4,0.992335592610574,1.83754848961353,3.02317081271648,2.17681330457912,-0.846357508137362,0.79905994898641,-0.366766987500849
6,439,CGG,3.33333333333333,3.66666666666667,0.890799262433256,2.0716524669625,3.74195789546142,1.76992363590926,-1.97203425955216,0.905677033090845,-0.854576296270094
7,442,CTT,2,6,0.661768954072151,2.20916505342177,3.02220282123108,2.71595822625684,-0.306244594974243,0.726362582883661,-0.132710357570186
8,445,CAG,2.5,5.5,0.958155264559471,1.98524148176264,2.60918046633018,2.7704438228425,0.161263356512312,0.622333583265967,0.0698830871040099
9,451,CTC,2,4,0.917268001968731,2.07054021107655,2.18038784271053,1.93186298850977,-0.248524854200758,0.731232112755377,-0.107697646937523
10,454,GAA,3.5,7.5,0.512895978689281,2.36782160915783,6.82399579139681,3.16746834769683,-3.65652744369998,0.926006658963057,-1.58454736012381
11,700,ACT,2,0,1,2,2,0,-2,1,-0.866695182531123
12,703,CGC,2,8,0.582160881950876,2.41783911804912,3.43547644990816,3.30873958497906,-0.1267368649291,0.69568391087986,-0.0549211151415742
13,709,ACG,1,4,1.10395175472404,1.87776056484389,0.905836686903023,2.13019704156613,1.22436035466311,0.390227855414063,0.530573610534308
14,712,GAA,2,2,0.978783761899346,2.01085466690777,2.04335224781311,0.994601963490252,-1.04875028432286,0.894099462314119,-0.454473409550383
15,718,TCC,0,2,0.536381899802767,2.12167748544379,0,0.942650338574742,0.942650338574742,0.637131939038153,0.40849525362703
16,721,CGA,2,4,0.778539608984981,1.96482854630486,2.56891232882485,2.03580104102344,-0.533111287801417,0.773725825798072,-0.231022492445226
17,724,GCC,3,3,0.838032673930037,2.04028984062617,3.57981268908192,1.47037932565468,-2.10943336342724,0.936332033402397,-0.914117866976408
18,727,AGC,2,4,0.873541055281274,2.07867691847139,2.2895317717563,1.92430096493374,-0.365230806822551,0.751879046701596,-0.15827189039253
19,730,TCT,1.5,1.5,0.759725328852489,1.9963529365465,1.97439777645119,0.75137014730214,-1.22302762914905,0.896494766382319,-0.52999607714297
20,733,GCA,0,3,0.963170761340606,2.01904921797176,0,1.48584787993116,1.48584787993116,0.310328520614285,0.643888599755209
21,736,ACT,1,5,0.656925441395171,2.34307455860483,1.5222427645308,2.1339483123308,0.611705547799999,0.608811062213423,0.26508112570291
22,739,GCT,1,4,0.510578915925761,2.1865729329359,1.95856109370838,1.82934670952375,-0.129214384184631,0.759029111201572,-0.0559947421432728
23,742,CGG,2.16666666666667,3.83333333333333,0.739251214452409,2.05552894465773,2.93089361817498,1.86488900742365,-1.06600461075133,0.831503902454809,-0.461950530347072
24,745,CAA,3,3,1.01556637048597,1.89315753174544,2.95401668190769,1.5846541820712,-1.36936249983649,0.883503208059812,-0.593409940873533
25,751,GGG,1.5,5.5,0.713582343137507,2.15523787689882,2.10206994949558,2.55192248565804,0.449852536162461,0.603562193751479,0.194942512970706
26,760,GGC,1,6,0.966515922316081,2.03348407768392,1.03464410353808,2.95060092471136,1.91595682117328,0.284468319467373,0.830275273424265
27,766,AAG,3,4,0.974060657833667,2.01785891868492,3.07989032908081,1.98229914042101,-1.09759118865979,0.838429761785342,-0.475638497800026
28,769,CCA,0,5,0.817863416518097,1.93733573287075,0,2.58086397476962,2.58086397476962,0.171893504377076,1.11841118685048
29,772,ACA,1,0,1,2,1,0,-1,1,-0.433347591265561
30,775,ACC,1,3,0.844838436872286,2.15516156312771,1.18365826690147,1.39200700834985,0.208348741448379,0.683965306365631,0.0902874252498662
31,781,CGG,1,4,0.874474141716031,1.97031797976738,1.14354439118994,2.03012916751247,0.886584776322535,0.513057446057727,0.384199377272087
32,784,GGC,2,5,0.987816963754824,1.98852142135787,2.02466658640659,2.51443104725809,0.489764460851501,0.573970874597127,0.212238249397474
33,790,TCC,0,1,0.536381899802767,2,0,0.5,0.5,0.788524788067413,0.216673795632781
34,793,CTC,3,3,1.07603483446565,1.88577495797517,2.78801382995167,1.590857905559,-1.19715592439267,0.867588573242537,-0.51878463620486
35,796,CTT,0.5,4.5,0.737340578266801,2.15075623094207,0.678112685965696,2.09228732445839,1.4141746384927,0.425329782716933,0.612829173219656
36,799,GCA,1,6,0.863424898340472,2.00111146280626,1.15817832207761,2.99833373178818,1.84015540971057,0.326420916814488,0.797426914352367
37,805,GCG,1,3,0.948516570399319,1.93721090047882,1.05427783889849,1.54861817020465,0.494340331306158,0.600842812048542,0.214221191836943
38,808,ATC,2,3,0.668342742967969,2.33165725703203,2.9924765714047,1.28663850184341,-1.7058380695613,0.923087282145785,-0.739220818533482
39,811,TCT,1,2,0.831889336676511,2.09180472514393,1.20208296453842,0.956112191525136,-0.245970773013283,0.803193154669591,-0.106590842007034
40,817,ACC,1,4,0.847557800028897,2.1524421999711,1.179860535725,1.85835419880436,0.678493663079358,0.56446405329531,0.294023594584387
41,823,AGA,1,5,0.71040517904055,2.09359052574078,1.4076473954632,2.38824160623808,0.980594210774882,0.525993069236968,0.424938139248249
42,826,TCT,1,7,0.510675222593873,2.2846916760063,1.95819173470117,3.06387075048839,1.10567901578723,0.555173150632802,0.479143338204272
43,976,AGC,1,5,0.575935949598213,2.42406405040179,1.73630418573042,2.0626517682861,0.326347582555678,0.675066563922221,0.141421938815842
44,982,TCG,1.5,5.5,0.809215420732139,1.96884273622255,1.85364732501374,2.79351920740626,0.93987188239252,0.507458689123042,0.407291216333028
45,985,AGA,0,3,0.692483924281821,2.06411407907989,0,1.45340804096317,1.45340804096317,0.419837064346405,0.629830873677389
46,988,ACC,1,2,0.813267263763153,2.18673273623685,1.22960808157062,0.914606511741258,-0.315001569829364,0.819376410372877,-0.136505171530425
47,991,GCT,2,5,0.853093473797494,2.06958302017701,2.34440897912057,2.41594560414027,0.0715366250197107,0.665398673956547,0.0310002241395593
48,997,CGG,1,4,0.646267594077239,2.18648295071821,1.54734665510783,1.82942199420585,0.282075339098024,0.678839911514646,0.122236668753545
49,1000,GGA,4,4,0.892606762658415,2.02555502679027,4.48125666008507,1.97476738330752,-2.50648927677756,0.937335831210317,-1.08618109062451
50,1003,AGA,1,6,0.948252743858165,2.00637850646858,1.05457116415112,2.99046265729819,1.93589149314707,0.286864212522851,0.838913915506775
51,1006,TAC,0,2,0.854843011391821,2,0,1,1,0.490789800584866,0.433347591265561
52,1009,CAC,2.5,4.5,0.894817289885147,2.06795232832237,2.79386644431165,2.17606563670191,-0.61780080760974,0.75690492634811,-0.267722491859599
53,1012,CTG,0,3,1.23205220940206,1.76794779059794,0,1.69688268847881,1.69688268847881,0.204665453861171,0.735340025712523
54,1015,AGC,1,3,0.354060080519058,2.60406485919303,2.82437940626908,1.15204503812922,-1.67233436813986,0.927146494625071,-0.724702070224023
55,1021,GCA,2.5,3.5,0.846735051616795,2.10553761440694,2.95251743178269,1.66228329337438,-1.29023413840831,0.853928834438468,-0.559119856047838
56,1024,ACT,0,4,0.988100036418324,2.01189996358168,0,1.98817042219088,1.98817042219088,0.202274209321147,0.861568863481853
57,1027,GTA,2,2,1,2,2,1,-1,0.888888888888889,-0.433347591265561
58,1030,AGA,1,2,0.796794220020205,1.95018928402105,1.25502918429132,1.02554147763352,-0.229487706657809,0.796401989185364,-0.0994479449052193
59,1033,ACC,1,2,0.959710159373832,2.04028984062617,1.04198125885471,0.980252883769787,-0.0617283750849235,0.758462128557794,-0.0267498426557887
60,1039,CCT,2,6,0.88328529849079,2.09842702107713,2.26427407250779,2.85928456874339,0.595010496235596,0.561351263715608,0.257846365321422
61,1042,TGC,1,5,0.352387155157104,2.52426320410267,2.83778788575359,1.9807760109459,-0.85701187480769,0.838950495139878,-0.371384031633896
62,1048,ACA,2.5,3.5,0.877412343360831,2.11793253751534,2.84928747460291,1.65255499785939,-1.19673247674352,0.846152773542527,-0.518601136186073
63,1051,TCT,0,5,0.305446716279138,2.29203319153694,0,2.18146928171106,2.18146928171106,0.534987368471792,0.945334458649303
64,1054,ACA,1.5,3.5,0.861466707898028,2.10295414950101,1.74121644661114,1.66432539712313,-0.0768910494880113,0.698385851887431,-0.0333205510855108
65,1057,GCA,0,3,0.993621493531424,2.00637850646858,0,1.4952313286491,1.4952313286491,0.29914023885938,0.647954894654891
66,1060,ACC,3,1,0.97799783980591,2.02200216019409,3.06749143801316,0.494559313380759,-2.57293212463241,0.988705511613046,-1.11497393869924
67,1063,GCT,0,3,0.564213081234255,2.43578691876574,0,1.23163482687564,1.23163482687564,0.535246846455568,0.533725985545336
68,1069,CCG,1,3,1.06433927364198,1.90782954492653,0.939550033306745,1.57246752362016,0.632917490313416,0.548619252701666,0.274273269897163
69,1072,GCG,2,2,0.696269744961084,2.12797628189494,2.87244995847376,0.939860099483356,-1.9325898589904,0.951146461549334,-0.837483160297742
70,1075,CGA,2,5,0.563756490471406,2.1686531088389,3.547630996368,2.30557850843974,-1.24205248792825,0.840922354326819,-0.538240453869106
71,1078,TCC,0,2,0.536381899802767,2.04028984062617,0,0.980252883769787,0.980252883769787,0.626997119103306,0.424790226012758
72,1081,CGC,3.5,3.5,0.625992082941213,2.21304328284953,5.59112502438579,1.58153255615199,-4.0095924682338,0.973104813144536,-1.73754723806565
73,1084,GGG,0,7,0.749578328124654,2.14014559172921,0,3.27080551297638,3.27080551297638,0.122210567973043,1.41739569054643
74,1087,AGC,1,3,0.287233744403792,2.6916647333001,3.48148509526863,1.1145518841501,-2.36693321111853,0.951128352507135,-1.02570480572468
75,1093,GCG,2,4,0.950973479096699,1.88118855222444,2.10310807184627,2.12631529958554,0.023207227739269,0.675549327237616,0.0100567962407635
76,1096,GGC,1,4,0.49715787469169,2.50284212530831,2.01143349206758,1.5981831053396,-0.413250386727977,0.805580555253479,-0.17908105967813
77,1102,CGA,2.5,4.5,0.904266353287617,2.00000975532865,2.76467214655374,2.2499890253088,-0.514683121244945,0.739971117484748,-0.223036690856538
78,1105,ACC,2,4,0.575107999939981,2.42489200006002,3.47760768448487,1.64955800089282,-1.82804968359205,0.911049639667762,-0.792180927098386
79,1111,AGG,2,4,0.701684780400793,2.16534073508128,2.85028271363906,1.84728432583145,-1.00299838780761,0.838794700841606,-0.434646935399668
80,1114,CGC,3,5,0.595268451138158,2.38317682775388,5.03974298363028,2.09803986920788,-2.9417031144224,0.943847874926235,-1.27477995885335
81,1120,GCG,4,6,0.898394900258426,2.08644644506474,4.45238502450246,2.87570285553811,-1.57668216896436,0.848035524283669,-0.683251420112066
82,1123,TGT,1,1,0.281967213114754,2.3256678276952,3.54651162790698,0.429984019253097,-3.11652760865388,0.988307601539665,-1.35053973232278
83,1126,ACG,2.5,2.5,0.933289511877288,2.06121383160867,2.67869719758375,1.2128775586805,-1.46581963890326,0.892865182133256,-0.635209409748482
84,1129,ACA,0.5,5.5,0.729584812404296,2.05509184933799,0.685321283419106,2.67627940900634,1.99095812558723,0.333631600651865,0.862776908033823
85,1132,ACG,1,1,0.980717816782767,2.01928218321723,1.0196612959276,0.495225485725202,-0.524435810202395,0.893132507093871,-0.227262995124611
86,1135,CGC,0,4,0.566173971801037,2.43382602819896,0,1.6435028443508,1.6435028443508,0.43318469726927,0.712207998837517
87,1141,CGT,1.5,5.5,0.928320299643512,2.05562760816798,1.61582160874433,2.67558188951437,1.05976028077004,0.464078383238557,0.459244564990613
88,1144,CCA,4,4,1.15434522312133,1.7893407982261,3.46516788901684,2.2354601225018,-1.22970776651504,0.838254900506871,-0.532890898579846
89,1147,CGA,2,4,0.790121154223803,1.9700482059984,2.53125737655354,2.03040716862704,-0.500850207926499,0.769328153993646,-0.217042231189804
90,1150,TCC,0,1,0.536381899802767,2.46361810019723,0,0.405907068112522,0.405907068112522,0.821206033399078,0.175898850244228
91,1153,CGA,2,4,0.552305848542479,2.41439575165815,3.62118200500311,1.65672922396955,-1.96445278103355,0.917373812346984,-0.851290880815825
92,1156,GCT,0,8,0.684410645378962,2.1642245165379,0,3.69647415915867,3.69647415915867,0.111000223777588,1.6018581730468
93,1159,CGC,1.5,6.5,0.587097449892281,2.38906220033249,2.55494211442277,2.72073284617512,0.165790731752346,0.657136757184807,0.0718450142590341
94,1162,TCA,3,1,0.741056432545642,2.1137961532939,4.04827469035596,0.473082514811902,-3.57519217554406,0.995459848191949,-1.5493009175835
95,1165,GGC,0,5,0.651314795787986,2.33870885045075,0,2.13793179045623,2.13793179045623,0.292757265067154,0.926467591684276
96,1168,GTT,1,4,0.939271739668697,2.05145119985414,1.06465462311548,1.94983921639686,0.885184593281379,0.499489877257418,0.383592611323871
97,1174,GCT,2,8,0.591921863557059,2.38764861539807,3.37882434005955,3.35057677599944,-0.0282475640601065,0.681842332984092,-0.0122410138445668
98,1177,CGC,1,3,0.889221687926002,2.110778312074,1.124578958856,1.42127668397932,0.296697725123318,0.658032021586991,0.128573244516162
99,1186,CGC,1,4,0.611887699376865,2.38511339354094,1.63428681605854,1.67706911161217,0.0427822955536383,0.728725151895796,0.0185396047269805
100,1192,GGC,1,7,0.620429741132363,2.37957025886764,1.61178604715962,2.94170763561782,1.3299215884582,0.4834969072684,0.576318316930428
101,1195,TGT,0,3,0.322257053740922,2.20025035057375,0,1.36348120531725,1.36348120531725,0.663619207406019,0.590861296060094
102,1198,CGA,1,4,0.77584858514386,1.97054238070818,1.28891128906883,2.02989798096221,0.740986691893381,0.564509476754466,0.321104798091833
103,1204,ACG,2,3,0.764077921025761,2.23592207897424,2.61753408253838,1.34172833132731,-1.27580575121107,0.89147330497629,-0.552867349210068
104,1207,AAC,1,3,0.288016740111625,2.6936955794563,3.4720204096902,1.11371159491064,-2.35830881477957,0.950966124579157,-1.02196744434507
105,1213,CCG,1,2,1.05058870025219,1.8941815213473,0.951847283108939,1.05586501476238,0.104017731653442,0.708976256543238,0.0450758334609268
106,1216,GCA,2,3,0.752846582767002,2.18657750678193,2.65658375262756,1.37200716219532,-1.28457659043224,0.889924167960701,-0.556668171259938
107,1219,ACA,0,7,0.796701005544302,2.02916922379132,0,3.44968764454309,3.44968764454309,0.0984379064316856,1.49491383138132
108,1225,CGC,0.5,3.5,0.914164149951033,2.04860546825648,0.546947722711269,1.70847928224011,1.16153155952884,0.432585376999598,0.503346903500755
109,1228,CCG,1,5,1.08320961701322,1.87417957480471,0.923182350205998,2.66783400439149,1.74465165418549,0.289406903175002,0.75604059193876
110,1231,AGC,0,4,0.303360302236158,2.64089897038841,0,1.51463575276858,1.51463575276858,0.647296029482148,0.656363755106963
111,1237,GGG,1,3,0.959710159373832,2.04028984062617,1.04198125885471,1.47037932565468,0.42839806679997,0.616458267024002,0.18564527035059
112,1240,AGC,2,6,0.38162182979086,2.613930376594,5.24079034235558,2.29539396065251,-2.94539638170307,0.92938695809515,-1.27638042733332
113,1246,GGT,0,6,0.587570913798732,2.41242908620127,0,2.48711973931963,2.48711973931963,0.270395716809842,1.0777873482232
114,1249,CGC,2,4,0.558099820772704,2.41718171883813,3.58358832158546,1.65481973027774,-1.92876859130772,0.915784912764202,-0.83582722315187
115,1255,AAT,0,9,0.484949702670028,2.4149188260961,0,3.72683334228222,3.72683334228222,0.19262739689528,1.61501425192618
116,1258,CCC,2,5,0.840994019603455,2.14071829996447,2.37813819525499,2.33566462251619,-0.042473572738805,0.687382606534313,-0.0184058204388038
117,1264,CGC,2,4,0.909683493844433,2.03604019484348,2.19856687906665,1.9645977570239,-0.233969122042752,0.727816447306597,-0.101389955467745
118,1267,TGC,0,3,0.409788035812075,2.34405867050523,0,1.27983144694641,1.27983144694641,0.616717324417528,0.554611874760147
119,1270,ACG,0,4,0.343266037443758,2.65673396255624,0,1.50560803466799,1.50560803466799,0.615045508949758,0.652451615213449
120,1273,AGA,1,5,0.944348381539076,2.00403607364162,1.05893123718836,2.49496506862489,1.43603383143652,0.377420526387702,0.622301801828873
121,1276,ACC,1,2,0.965683290599755,2.03431670940024,1.03553619466578,0.983131088074107,-0.0524051065916741,0.755858769553653,-0.022709626711517
122,1279,GGC,1,5,0.945521028807683,2.05447897119232,1.05761793712935,2.43370707128642,1.37608913415708,0.387994792208832,0.596324911653681
123,1285,CAG,0,3,0.548290746813098,2.24099796609282,0,1.33868930065586,1.33868930065586,0.518613692469199,0.580117783892196
124,1288,GAA,2,5,0.49610832934626,2.21470818454312,4.03137758770443,2.25763377536416,-1.77374381234026,0.879911263082938,-0.768647608599848
125,1291,CGG,2,5,0.869308249562236,2.00598950850008,2.30067988082151,2.49253546881141,0.191855587989894,0.641761729765888,0.0831401569262587
126,1294,TTC,0,2,0.292464981742652,2.64621975914194,0,0.755795127404126,0.755795127404126,0.810859893708237,0.327521997950826
127,1297,CGA,2.5,2.5,1.1002781781915,1.88518978228776,2.27215266970865,1.32612643219726,-0.946026237511389,0.835155129405429,-0.409958191299582
128,1300,AGT,1,5,0.838537234785184,2.14861034979831,1.19255288676141,2.32708550457711,1.13453261781571,0.462767259140418,0.491646977142648
129,1303,CTC,1,5,0.900956754849219,2.05649496537355,1.10993118661656,2.43132129384609,1.32139010722953,0.410205257232896,0.572621220090058
130,1309,CGA,1,3,0.766736450589456,1.9592657201045,1.3042291118822,1.53118587704377,0.226956765161568,0.68456705089434,0.098351167504189
131,1312,GAC,2,5,0.798338300375252,2.20166169962475,2.50520361989387,2.27101193650787,-0.234191683386001,0.722279722924669,-0.101486401889751
132,1321,ACC,1,2,0.813267263763153,2.18673273623685,1.22960808157062,0.914606511741258,-0.315001569829364,0.819376410372877,-0.136505171530425
133,1327,TGC,3,6,0.567149015138168,2.26017292691195,5.2896151098299,2.65466413147322,-2.63495097835668,0.913568995156791,-1.1418496595737
134,1336,CGT,5,5,0.993414741914943,1.96934875631196,5.03314455587987,2.53891038038565,-2.49423417549422,0.92140422979615,-1.08087037200267
135,1342,GCG,3,2,0.989100826630203,2.0108991733698,3.03305782305409,0.99457995034553,-2.03847787270856,0.95650227695644,-0.883369475986398
136,1345,ACA,0,4,0.987755510101369,1.57667174042894,0,2.53698972172343,2.53698972172343,0.142890580813739,1.09939838497433
137,1348,ACT,3,1,0.747719319498061,2.25228068050194,4.01220073063497,0.443994395839306,-3.56820633479566,0.996141047886844,-1.54627362032222
138,1351,CCC,2.5,7.5,0.793372404401771,2.20252392565868,3.15110531464109,3.40518434902226,0.254079034381176,0.61093813540032,0.110104537540162
139,1357,CTG,0,4,0.973390747211921,2.00054414178157,0,1.9994560062233,1.9994560062233,0.204770188626031,0.866459444138327
140,1360,GCC,2,4,0.964439958624726,2.01778002068764,2.07374236427529,1.98237665106667,-0.0913657132086154,0.699858571377383,-0.0395931117432136
141,1363,CGC,2,2,0.923985059337384,1.94840062237913,2.16453716409036,1.02648294043237,-1.13805422365798,0.898977025579693,-0.493173056551785
142,1366,TGC,0,2,0.403644698558549,2.58569788399078,0,0.773485569363267,0.773485569363267,0.748176706430984,0.335188108362243
143,1369,CGG,2,3,1.09156057016295,1.90319956338633,1.83223913969468,1.57629292151694,-0.25594621817774,0.741913347455262,-0.110913677140854
144,1372,AGG,3,0,1.30767250692955,1.42519423395414,2.29415238456307,0,-2.29415238456307,1,-0.994165409846549
145,1375,CCA,1,3,0.867858567151293,2.13214143284871,1.15226148343785,1.40703611579452,0.254774632356663,0.670545501886613,0.110405973247329
146,1381,GGT,2,1,0.963170761340606,1.94741132170685,2.0764749930908,0.513502201026298,-1.56297279206451,0.963761491363735,-0.677310494654763
147,1384,CGC,1,5,0.70547728994468,2.27623502962324,1.41748007236124,2.19660972392099,0.779129651559748,0.565994141695497,0.337633957786993
148,1390,GGA,0,4,0.739865695490385,2.10287038658103,0,1.9021619332913,1.9021619332913,0.299435889874263,0.824297291988829
149,1393,ACC,1,3,0.679867478067809,2.32013252193219,1.47087488703241,1.29302958845714,-0.177845298575275,0.777051196289235,-0.0770688317555002
150,1399,AAG,2,5,0.75572489576783,2.04156077871896,2.64646567977354,2.44910661103972,-0.197359068733818,0.71350642332018,-0.0855250770502145
151,1402,TCT,2,6,0.989502231372102,2.0104977686279,2.02121828186955,2.98433556785035,0.963117285980804,0.4768451435909,0.417364555986007
152,1408,TCA,2,6,0.625246808627174,1.90080209947315,3.19873683864346,3.15656217007706,-0.0421746685663953,0.684712843467763,-0.0182762910356708
153,1411,TCC,1,4,0.838491363774212,2.09314654583399,1.19261812727421,1.91099854329896,0.718380416024748,0.55717788294647,0.311308422896676
154,1414,ACG,2,4,0.90178333812835,2.04301313173314,2.21782762603598,1.95789245691568,-0.259935169120301,0.732687985765081,-0.112642279423489
155,1417,GAA,0,5,0.949192544470108,2.0412062669075,0,2.44953196600517,2.44953196600517,0.148179767186793,1.06149877719634
156,1420,ACT,1,1,0.93355229295671,2.06644770704329,1.07117727367242,0.483922238434389,-0.587255035238026,0.903164457368363,-0.254485554978971
157,1423,CGC,0,4,0.576671740428935,2.31423924291804,0,1.72842976897945,1.72842976897945,0.410671097037446,0.749010877058935
158,1426,TCT,1.5,2.5,0.72145085613591,1.97884869933308,2.07914369668088,1.2633608627292,-0.815782833951672,0.823996516478454,-0.35351752608875
159,1429,CCG,0.5,3.5,0.943581052204991,2.03432522017002,0.529896185210146,1.72047220636015,1.19057602115,0.419824584876626,0.515933250983889
160,1432,GCC,3,3,0.751955605915439,2.24804439408456,3.98959722675086,1.33449321903701,-2.65510400771386,0.962057538300197,-1.15058292630234
161,1435,CGA,0,4,0.492717274175785,2.27142043319522,0,1.76101259878743,1.76101259878743,0.455985897464971,0.763130567872841
162,1438,TCC,0,2,0.305446716279138,2.23093518352363,0,0.896485032272932,0.896485032272932,0.773650151253392,0.388489629341104
163,1441,CCG,2,3,1.22327864615774,1.77672135384226,1.63495047206286,1.68850337365076,0.0535529015878993,0.669066862972642,0.0232070209083978
164,1447,GCA,0,2,1.01054772083364,1.98945227916636,0,1.00530182148328,1.00530182148328,0.439768930120025,0.43564512283466
165,1456,ACT,0,1,0.97799783980591,2.02200216019409,0,0.494559313380759,0.494559313380759,0.674000720064697,0.214316087191502
166,1459,GCA,0,0,1,2,0,0,0,N/A,0
167,1462,CGT,4,3,1.00523986645072,1.99476013354928,3.97914978653118,1.50394022295908,-2.4752095635721,0.953718296042998,-1.07262610225145
168,1465,CGC,0,7,0.481052677639348,2.51418235345203,0,2.7842053661656,2.7842053661656,0.293603394169521,1.20652868901651
169,1471,CCA,2,6,0.96218098233869,1.96535028583057,2.07861102714665,3.05289089851195,0.974279871365292,0.479732558180508,0.422201835474671
170,1474,ACG,3.83333333333333,4.16666666666667,0.915160372904445,2.00011806734349,4.18870117940911,2.08321035377713,-2.10549082563199,0.905409853301137,-0.91240937771936
171,1480,GCA,2,4,0.859495935314279,2.14050406468572,2.32694526852962,1.86871871256516,-0.458226555964455,0.768898197471861,-0.19857137428111
172,1486,CGT,1.5,4.5,0.950221807838206,2.03372609997329,1.57857879878863,2.21268734273465,0.634108543946019,0.545331875654974,0.27478941011992
173,1489,TTA,0,5,0.705899652359512,1.74571692446902,0,2.86415279013281,2.86415279013281,0.183065440816674,1.24117371262059
174,1492,ACG,3,1,0.9706553304282,2.0293446695718,3.09069543632606,0.492769914837091,-2.59792552148897,0.989040893270299,-1.12580476702457
175,1495,GGT,0,5,0.425224366975957,2.47356814941795,0,2.02137143509733,2.02137143509733,0.452411611997036,0.875956442452438
176,1501,CCG,0,2,0.745983304298024,2.11973864607277,0,0.943512542787003,0.943512542787003,0.547137567151053,0.408868887745593
177,1504,GCA,3,3,1,1.9802050302269,3,1.51499463651814,-1.48500536348186,0.897661577300053,-0.643523497281303
178,1507,GTT,0,7,0.420263414620953,2.42411287389518,0,2.88765431485542,2.88765431485542,0.32655814390139,1.2513580417502
179,1510,TAC,0,3,0.295295009358399,2.31541833616056,0,1.29566219337048,1.29566219337048,0.697607011589912,0.561472090590949
180,1513,CTG,2.5,4.5,1.2005192863276,1.79246227109888,2.08243218453201,2.51051309283138,0.428080908299367,0.562770061024509,0.185507830478304
181,1516,CCG,1,4,0.919915356376105,2.07419617189535,1.0870565352223,1.92845790296918,0.841401367746871,0.513370458617206,0.364619256000656
182,1519,GGC,3,3,0.938684740884594,2.06131525911541,3.19596118838884,1.4553814545027,-1.74057973388614,0.918818967157743,-0.75427603508521
183,1525,GGC,0,5,0.542793191090274,2.42426661734167,0,2.06247941717019,2.06247941717019,0.364141689260524,0.893770487465501
184,1537,GCC,0,4,0.851984766948123,2.14801523305188,0,1.86218418680246,1.86218418680246,0.26282362970845,0.806973031843663
185,1543,TGT,0.5,8.5,0.399408683752926,2.45967347210615,1.25185059899524,3.45574325063631,2.20389265164108,0.446770895066829,0.955051571996531
186,1546,TCC,3,6,0.622772790964091,2.31725453327158,4.81716613751833,2.58927101613174,-2.22789512138659,0.897929110553878,-0.965452984445174
187,1549,TGT,0,3,0.34328247223016,2.26061257690214,0,1.32707392264051,1.32707392264051,0.654346811926229,0.575084287807605
188,1552,CGC,1,2,1.00523374647011,1.99476625352989,0.994793503015109,1.00262373922802,0.00783023621290591,0.738411598251075,0.00339321400190315
189,1558,GCG,4.5,2.5,0.943483450470356,2.02289647681951,4.76955901850383,1.23585167538114,-3.5337073431227,0.978835334889859,-1.53132356537965
190,1561,ACA,0.5,7.5,1.0701254632534,1.75907377169566,0.467234933817849,4.26360742834018,3.79637249452233,0.0766807832461742,1.64514887604808
191,1564,ACT,1,1,0.746819556719863,2.25318044328014,1.33901153364561,0.443817095511542,-0.89519443813407,0.93802894996675,-0.387930353479727
192,1567,CGC,1.33333333333333,7.66666666666667,0.943696531153668,2.04113301722544,1.41288357996117,3.7560838034398,2.34320022347863,0.252655704862511,1.01542017269739
193,1570,TGG,0,6,0.323957753569381,2.38715412241802,0,2.51345312967158,2.51345312967158,0.466013094056985,1.08919885950207
194,1573,AAG,1,5,1.05060436965816,1.89728249816676,0.951833086631247,2.63534819133747,1.68351510470622,0.307225391130965,0.729547215483632
195,1576,GAA,2,5,0.978783761899346,2.01085466690777,2.04335224781311,2.48650490872563,0.443152660912522,0.584334451679189,0.192039138169365
196,1579,CGA,0.5,3.5,0.575348235260641,2.27735974091018,0.869038904366314,1.53686742464375,0.667828520277439,0.611383319812007,0.289401880640672
197,1582,TAC,0,1,0.281967213114754,2.12167748544379,0,0.471325169287371,0.471325169287371,0.882691808284374,0.204247626813515
198,1585,CGG,0,5,0.778135359528001,2.06816274356225,0,2.41760471489196,2.41760471489196,0.202545050510155,1.0476631798307
199,1588,AGG,0,4,0.212458965071518,2.66986286459599,0,1.49820429095533,1.49820429095533,0.736183255529158,0.649243220709222
200,1591,ACC,3,2,0.934219977469196,2.0657800225308,3.21123511844288,0.968157295639728,-2.24307782280315,0.964693957365667,-0.972032371532946
201,1594,TGT,0,3,0.643980213570413,2.17922493208452,0,1.37663623237386,1.37663623237386,0.459916368102186,0.596561995348108
202,1597,TCG,1,3,0.873658152613002,1.58753399258627,1.14461245168848,1.88972331553838,0.745110863849893,0.554160946234637,0.322891998075153
203,1600,ACT,0,2,0.813267263763153,2.18673273623685,0,0.914606511741258,0.914606511741258,0.531311117747765,0.396342528818872
204,1603,GTG,2,3,1,2,2,1.5,-0.5,0.790123456790124,-0.216673795632781
205,1606,TCC,4,3,0.891760807326237,2.05263066537163,4.48550773608585,1.4615391120335,-3.02396862405235,0.969991387028952,-1.31042951929572
206,1609,GGC,2,5,0.873276937034748,2.12672306296525,2.29022422920167,2.35103483244715,0.0608106032454789,0.667186922456865,0.026352128439834
207,1612,TCC,3,4,0.625759487872602,1.76873463524299,4.79417421252232,2.26150374414446,-2.53267046837786,0.918508790635092,-1.09752664694097
208,1615,GGA,2.5,6.5,0.521988566722805,2.24688287665006,4.78937693155948,2.89289667367576,-1.89648025788372,0.848411482548929,-0.8218351516366
209,1861,GGC,2,8,0.738268792760921,2.26173120723908,2.70904041943931,3.53711350597036,0.828073086531053,0.537366585825126,0.358843477440071
210,1864,TCA,4,3,0.90603239101373,1.69658950065472,4.41485319914946,1.76825330985621,-2.64659988929325,0.945632279006074,-1.14689768706893
211,1867,GCG,0,4,0.58154265070124,2.25231471687041,0,1.77595074526619,1.77595074526619,0.399028896613336,0.769603977667381
212,1870,GCG,1,2,0.945882805263236,2.02705859736838,1.05721342478755,0.986651299866955,-0.0705621249205938,0.76072948257793,-0.030577926868919
213,1873,CCC,1,5,0.468181368414474,2.38908118450299,2.13592438201153,2.09285478971288,-0.0430695922986555,0.743539545133612,-0.0186641040794121
214,1876,TGC,0,3,0.512902396638384,2.13449957115751,0,1.40548165974714,1.40548165974714,0.524117370701041,0.609062091819345
215,1879,CCG,0,3,1.14491658810816,1.83100527360908,0,1.63844421599438,1.63844421599438,0.232918623020357,0.710015854424155
216,1882,AAG,1,5,0.495566613499707,2.30295840691045,2.01789219200617,2.17112040972889,0.153228217722715,0.711524025445142,0.0664010790640535
217,1885,AGC,1,3,0.726531226472899,2.12778120999422,1.37640333073461,1.40991939674481,0.0335160660102016,0.730600526173594,0.0145241064742184
218,1888,TCT,0,6,0.336722918940543,2.46370913809357,0,2.43535241527855,2.43535241527855,0.463645835589748,1.05535410304373
219,1891,TCG,1,3,0.775554373306732,1.91201687192892,1.28940024635062,1.56902381147583,0.279623565125211,0.671799763011402,0.121174198408099
220,1894,AGC,1,6,0.555531689249572,2.426393907056,1.80007733015344,2.47280541817711,0.672728088023673,0.614711777300638,0.291525096521745
221,1900,CAA,1.5,5.5,0.828727181863902,2.15402651052524,1.81000458634207,2.55335761798906,0.743353031646988,0.537496472483898,0.322130245724175
222,1903,GCC,1,6,0.34622900456207,2.64044319919428,2.88826177709997,2.27234579476311,-0.615915982336858,0.809553804045306,-0.26690570736764
223,1909,CCG,3,3,0.908428343908874,2.03451256936663,3.3024068657868,1.47455466492101,-1.82785220086579,0.922424701184654,-0.792095348434645
224,1912,TGC,0,6,0.57421765575379,2.37089184312607,0,2.53069325679946,2.53069325679946,0.272183488702049,1.09666982706605
225,1918,CCT,1.5,6.5,0.640952293919108,2.35904770608089,2.34026777691712,2.75534911110319,0.415081334186066,0.615042527310405,0.179874496348827
226,1921,TGG,1,6,0.289583064649853,2.21326867419292,3.45324061408474,2.71092256894112,-0.742318045143619,0.810141113143257,-0.321681736815948
227,1924,CGT,2,6,1.07550019246352,1.82977996246627,1.85959985317979,3.27908279852016,1.41948294534036,0.380645212195102,0.615129515205792
228,1927,CGA,0.5,4.5,1.04189047070532,1.79390664228559,0.479896893251668,2.5084917430634,2.02859484981174,0.248394103301569,0.87908669181964
229,1930,ACA,0,0,1,2,0,0,0,N/A,0
230,1933,GGT,0,5,0.577073145170834,2.42292685482917,0,2.06361986951213,2.06361986951213,0.343633300973304,0.894264699740834
231,1939,CGG,0,3,0.992051399827535,1.89761416860232,0,1.58093254658276,1.58093254658276,0.283192008443618,0.685093311014971
232,1942,GCC,0,3,1,2,0,1.5,1.5,0.296296296296296,0.650021386898342
233,1945,CGA,0.5,6.5,0.62353413686693,2.21843282515543,0.80188071580547,2.92999631374666,2.12811559794119,0.350329235121686,0.922213768302484
234,1948,TCC,1,2,0.536381899802767,2.43578691876574,1.86434329787733,0.821089884583761,-1.04325341329357,0.914048958412257,-0.452091353730345
235,1951,CCA,4,1,1.15798193759378,1.84201806240622,3.45428531321635,0.542882841601294,-2.91140247161506,0.991431542388227,-1.26164924827899
236,1954,ACG,1,4,1,2,1,2,1,0.460905349794239,0.433347591265561
237,1957,CCG,3,4,1.002861754208,1.85256775462128,2.99143923617788,2.15916529369676,-0.832273942481125,0.79815120417411,-0.360663908247288
238,1963,CCA,1,4,1.09428190620644,1.73121977509596,0.913841300242928,2.31050965194658,1.39666835170365,0.35927089049643,0.60524286600762
239,1966,AGC,0,5,0.491541714632616,2.50845828536738,0,1.99325618814016,1.99325618814016,0.408722120474146,0.863772767905714
240,1969,TCC,0.5,3.5,0.479338240999108,2.11906189749829,1.04310475825552,1.65167426403731,0.608569505781791,0.642448774663458,0.263722129448212
241,1972,GGG,1,5,0.525061523777856,2.43798687618074,1.90453871539649,2.05087240167298,0.14633368627649,0.71122728650525,0.0634133504689274
242,1975,CGC,0,4,0.898394900258426,2.0833174193095,0,1.9200146664764,1.9200146664764,0.238319084458581,0.832033730912099
243,1978,TGT,1,3,0.571135626933557,2.29652947017197,1.75089760267457,1.30631896475308,-0.444578637921483,0.820482763923631,-0.192657081871399
244,1981,CAC,3,3,1.06861112969956,1.93138887030044,2.807382327043,1.55328636616474,-1.25409596087826,0.875718451959256,-0.543459463862462
245,1984,TCC,1,4,0.979561580294865,2.02043841970514,1.02086486456419,1.97976833195627,0.958903467392082,0.474430084062941,0.415538507850554
246,1990,ACC,1,3,0.785436082331666,2.21456391766833,1.27317807584212,1.35466850880449,0.0814904329623778,0.71819967110236,0.0353136828354341
247,1996,CGC,3,4,0.635264055716179,2.20797692567626,4.7224456869638,1.81161313484962,-2.91083255211418,0.951396174057292,-1.26140227503607
248,1999,ACA,0,5,0.630381624615905,2.17686794253947,0,2.29687796043666,2.29687796043666,0.280385339108833,0.995346531586182
249,2002,ACA,3,0,1,2,3,0,-3,1,-1.30004277379669
250,2005,TGC,2,4,0.34328247223016,2.39185907526098,5.82610579272181,1.67233932858839,-4.15376646413342,0.970543197321578,-1.80002469191188
251,2011,ACG,0,3,0.88977138338661,2.08515571093577,0,1.43874147348625,1.43874147348625,0.344339222402257,0.623475151989132
252,2014,GCA,2,1,1,1.90967654947642,2,0.523648887176299,-1.4763511128237,0.959405625085163,-0.639773198604382
253,2017,CGG,2,1,1.24149094327983,1.68856275813513,1.6109662425054,0.592219622979492,-1.01874661952591,0.923931662120595,-0.441471393681485
254,2020,TCC,0,5,0.430774570898722,2.45512619084512,0,2.03655519567361,2.03655519567361,0.445617391873907,0.882536288524523
255,2023,CTG,1,5,1.13172281763101,1.85245560111853,0.883608587209773,2.69912002046416,1.81551143325439,0.266958906069068,0.786747506515876
256,2032,TCA,2,4,0.192013653213773,2.13686843786455,10.4159259850827,1.87189811460613,-8.54402787047659,0.990736006121225,-3.70253389737686
257,2035,GCG,1,6,0.570001047813335,2.32107446229355,1.75438273988486,2.58500970023648,0.830626960351624,0.584550726372782,0.359950192508611
258,2041,GCC,0,6,0.546018334108161,2.45398166589184,0,2.44500604197442,2.44500604197442,0.299571403413846,1.05953747891936
259,2047,AGC,0,5,0.577775151552529,2.39502743267401,0,2.08765875989052,2.08765875989052,0.339408029026051,0.904681894983008
260,2050,AGC,0,4,0.344577411393778,2.65542258860622,0,1.50635157551308,1.50635157551308,0.61383205259514,0.652773826847676
261,2059,AGC,2,5,0.806871133121843,2.16529768544667,2.47871056219579,2.30915131605499,-0.169559246140805,0.710650233263328,-0.0734780908919221
262,2062,TGG,0,3,0.0669806747553346,2.23841719770461,0,1.3402327336818,1.3402327336818,0.915346314796123,0.580786626876266
263,2065,ACC,2,1,0.866806177191339,2.13319382280866,2.3073208897524,0.468780656172797,-1.83854023357961,0.97587861565609,-0.796726981666545
264,2068,TCT,1,0,1,1.93868474088459,1,0,-1,1,-0.433347591265561
265,2071,CCC,2,4,0.988223056542912,2.00653707700637,2.02383458547969,1.9934842200712,-0.0303503654084889,0.686983073050471,-0.0131522577437983
266,2077,ACC,1,1,0.93355229295671,2.06644770704329,1.07117727367242,0.483922238434389,-0.587255035238026,0.903164457368363,-0.254485554978971
267,2080,GCC,0,4,0.675761285496934,2.32423871450307,0,1.72099362042303,1.72099362042303,0.360278133966423,0.745788439993718
268,2083,TCT,3,1,0.978992342591065,1.51388263854812,3.06437534747208,0.660553185918722,-2.40382216155336,0.976214341260259,-1.04169054353992
269,2086,CCG,0,3,0.993751843377595,1.99042657537195,0,1.50721460269862,1.50721460269862,0.296731825852342,0.653147817599727
270,2089,GCG,1.5,3.5,0.887611891027066,2.05869149030214,1.68992778844404,1.70010903357177,0.010181245127731,0.680433853412518,0.00441201805218646
271,2092,CGA,1,3,0.699356192207116,2.15714549664707,1.42988653155994,1.3907267751123,-0.039159756447642,0.746975516646769,-0.0169697861311317
272,2095,TCC,0,1,0.938684740884594,2.06131525911541,0,0.485127151500902,0.485127151500902,0.687105086371802,0.210228682560439
273,2098,CGG,1,3,1.11452216030769,1.86139970140955,0.897245506292965,1.61169038424592,0.714444877952955,0.519654558664321,0.309602966952931
274,2101,GCG,0.5,5.5,0.574642978640983,2.37265929687106,0.870105471718262,2.31807407294132,1.44796860122306,0.469949440215876,0.627473705568178
275,2104,CGG,2,3,1.01441809799808,1.98558190200192,1.97157365779153,1.51089209514617,-0.460681562645354,0.782952452302126,-0.199635245512819
276,2119,GCG,1.5,6.5,0.754701177370652,2.14167356788344,1.98754161908948,3.03500967536513,1.04746805627566,0.496678239369205,0.453917759114676
277,2122,GCG,3,4,1.03504265747385,1.80422723489946,2.89843126593629,2.21701564117166,-0.681415624764624,0.775501389074469,-0.295289819642467
278,2128,CCG,1,5,0.576203296076366,2.22739039706753,1.73549857630017,2.24477936448983,0.509280788189654,0.64178853823026,0.220695602839813
279,2131,GGC,4,4,1,2,4,2,-2,0.912056089010822,-0.866695182531123
280,2134,TGC,1,2,0.363720891935296,2.29930647846562,2.74936090329916,0.869827497435074,-1.87953340586408,0.949132037928697,-0.814491274134358
281,2137,AGA,0,4,0.480638819112161,2.33522823347254,0,1.71289467242005,1.71289467242005,0.473008282781899,0.742278780384843
282,2140,TGT,1,4,0.333821936941351,2.40205893800267,2.99560900389745,1.66523807418566,-1.3303709297118,0.884235221565839,-0.576513037880333
283,2143,ACC,0,6,0.735783483666121,2.26421651633388,0,2.64992325456354,2.64992325456354,0.184833290821534,1.14833785940371
284,2161,ACG,1,4,0.7837701662914,2.2162298337086,1.27588423623183,1.80486695881468,0.528982722582846,0.609078389850076,0.229233388652375
285,2164,CGT,0,7,0.562749050385033,2.11019235781166,0,3.31723312999732,3.31723312999732,0.191129730897235,1.43751498655066
286,2170,CGG,1,5,0.724779324926292,2.11421929302755,1.37973030632696,2.36493916051633,0.985208854189368,0.521418202156069,0.426937883856466
287,2173,GAA,2.5,4.5,0.551749206865625,2.24263957940968,4.53104412093674,2.00656406910669,-2.52448005183005,0.912213190981183,-1.09397734965851
288,2176,CGA,0,2,1.11547959522966,1.78461326753212,0,1.12069098464438,1.12069098464438,0.378673074500192,0.485648738748673
289,2179,TCC,0,2,0.898394900258426,2.04028984062617,0,0.980252883769787,0.980252883769787,0.482034073554819,0.424790226012758
290,2182,CGA,4,6,0.858924447127264,1.95062824257398,4.65698701833239,3.07593208641468,-1.58105493191771,0.839754807174395,-0.685146346405077
291,2185,GGG,1.5,5.5,0.629179047365264,2.24611871069705,2.38405904691418,2.44866844027721,0.0646093933630336,0.671867165513907,0.0279983249869998
292,2188,AGA,0,3,0.611197170134046,2.24992403499823,0,1.33337835115058,1.33337835115058,0.486289393192167,0.57781629671675
293,2191,TCG,0,3,0.731166513037103,1.93914763731452,0,1.5470714773191,1.5470714773191,0.382953069427756,0.670419698211883
294,2194,GCG,1,2,0.576895672627139,2.22148880681303,1.73341567192916,0.900297131305027,-0.833118540624138,0.890025327716681,-0.36102991281815
295,2197,GTC,1,4,0.558360942173096,2.42335137739483,1.79095621571967,1.65060669175434,-0.140349523965333,0.763139920107828,-0.0608201281456453
296,2206,TGG,0.5,3.5,0.156719765365794,2.22914194523141,3.19040804350982,1.57011087045722,-1.62029717305259,0.869174508361773,-0.70215187707674
297,2209,TCC,1,3,0.827534905302139,2.06609502604767,1.20840824186732,1.45201453087995,0.243606289012624,0.676327644989148,0.105566198560763
298,2215,CCA,0,6,0.613978089269393,2.25971690157328,0,2.65519985969156,2.65519985969156,0.236417803367372,1.15062446352599
299,2218,TCG,0,2,0.894868142477016,1.7444933814849,0,1.14646465342139,1.14646465342139,0.436858599826107,0.496817696031267
300,2221,ATC,2,2,0.744134737254646,2.25586526274535,2.68768530733916,0.886577772630813,-1.80110753470835,0.950311327342675,-0.780505611776117
301,2224,TGT,0,3,0.34328247223016,2.5355051328209,0,1.18319618492049,1.18319618492049,0.683226353764458,0.512735216729896
302,2227,CCA,0.5,4.5,0.76159862048493,1.99775861229394,0.656513794210442,2.25252439023794,1.5960105960275,0.388501245678313,0.69162734742283
303,2230,ACA,0,2,0.9706553304282,2.0293446695718,0,0.985539829674182,0.985539829674182,0.45758219865772,0.427081311285578
304,2233,ACG,3,3,0.794989203753396,2.2050107962466,3.77363615233521,1.36053755614559,-2.41309859618962,0.953930391916404,-1.04571046414508
305,2236,AGC,1,4,0.552712855821748,2.44728714417825,1.80925771757787,1.63446288250867,-0.174794835069196,0.769205059195702,-0.075746920742897
306,2239,TCT,0,4,0.377661148764341,2.51751667345667,0,1.58886733191237,1.58886733191237,0.57172666640005,0.688531831124765
307,2242,CGG,0,3,0.756640721748698,2.1090812286221,0,1.42242032183841,1.42242032183841,0.39863714922558,0.616402420235861
308,2245,GCG,1.5,2.5,0.962017227351682,2.02020275196068,1.55922363690858,1.23749955175225,-0.321724085156335,0.754954811036553,-0.139418357354614
309,2248,GGG,2.5,4.5,1.14533104226999,1.81437911710384,2.18277502986833,2.48018727595532,0.297412246086991,0.591774385006363,0.128882880454678
310,2251,TTC,0,3,0.423131416657503,2.51555332422709,0,1.19258056313386,1.19258056313386,0.627251328564573,0.516801914424186
311,2254,CGG,2,3,0.739682398029797,2.10952620615726,2.70386317874693,1.42212028048935,-1.28174289825758,0.886090512661379,-0.555440197581662
312,2257,CCA,0.666666666666667,6.33333333333333,0.644647626307749,2.25186682741603,1.03415670741709,2.81248129606345,1.77832458864636,0.40098712430674,0.77063267697822
313,2260,CGC,3,4,0.967736205468086,2.03226379453191,3.10001835525925,1.9682484187154,-1.13176993654384,0.842822160970763,-0.490449775868053
314,2266,CCG,2,3,1.05710605465303,1.89924329736315,1.89195775693145,1.5795764577214,-0.312381299210044,0.752958788809923,-0.135369683569079
315,2269,GGT,0,4,0.989502231372102,2.0104977686279,0,1.98955704523357,1.98955704523357,0.201710898010401,0.862169753237394
316,2272,GCA,1,1,1,2,1,0.5,-0.5,0.888888888888889,-0.216673795632781
317,2278,ATC,1.5,4.5,0.747605772967289,2.25239422703271,2.00640505228634,1.99787406040739,-0.00853099187894935,0.683828694996093,-0.00369688478184877
318,2281,TTT,0,4,0.502167639201049,2.25873008088526,0,1.77090659652095,1.77090659652095,0.447977364275191,0.767418107958648
319,2287,CGC,1,7,0.855737610242083,2.13091900891249,1.16858250476698,3.28496764575414,2.11638514098716,0.282884248026308,0.917130403037012
320,2290,TCG,0,2,0.39069478567804,2.04366826609717,0,0.978632409759649,0.978632409759649,0.704774378143199,0.424087997503756
321,2293,ACA,3,1,0.746819556719863,2.25318044328014,4.01703460093684,0.443817095511542,-3.57321750542529,0.996159588957777,-1.54844519904399
322,2296,TTT,0,3,0.423131416657503,2.51555332422709,0,1.19258056313386,1.19258056313386,0.627251328564573,0.516801914424186
323,2299,CGT,4,4,0.662899776361238,2.16027389423233,6.03409465900959,1.85161706146592,-4.18247759754368,0.979093959957446,-1.81246659241773
324,2302,CGA,0,7,0.630204936548105,2.16285032090697,0,3.23646991765228,3.23646991765228,0.16696619978331,1.40251644301807
325,2305,ACA,0,0,1,2,0,0,0,N/A,0
326,2308,GCC,0,4,0.613590720573601,2.3864092794264,0,1.67615841695078,1.67615841695078,0.400400579603901,0.726359212565116
327,2311,TCA,2,1,0.938684740884594,1.79355719158197,2.13064079225923,0.557551219829223,-1.57308957243001,0.959448976757767,-0.681694577057515
328,2314,CGG,0,4,1.05535494513451,1.90209677508826,0,2.10294242248236,2.10294242248236,0.171103850364224,0.911305033352897
329,2317,GGG,2.5,4.5,0.989913024245447,2.00854274408658,2.52547439903178,2.24043028869991,-0.285044110331867,0.70478692815863,-0.12352317861675
330,2320,AAC,0.5,6.5,0.400142898501098,2.42935772221076,1.2495536016582,2.67560431326058,1.42605071160237,0.542204250092293,0.617975640895428
331,2323,TCC,0,5,0.539227512020297,2.05692181371525,0,2.43081675086566,2.43081675086566,0.312205519135891,1.05338858379561
332,2326,CGG,0.5,2.5,0.766031521976905,2.08401258652357,0.652714654234652,1.19960887768454,0.546894223449889,0.606540322598083,0.236995294409059
333,2329,CCG,2,6,0.509656941339279,2.46786739922306,3.92420830126318,2.43124894063957,-1.49295936062361,0.856598384434707,-0.646970342783613
334,2332,GCC,1.5,4.5,0.575798523817679,2.26625521342635,2.60507788393525,1.9856545605896,-0.61942332334565,0.773435860505987,-0.268425605145546
335,2335,TCT,0,3,0.632992730191533,2.36700726980847,0,1.26742323028131,1.26742323028131,0.491173594622337,0.549234803956424
336,2338,TCC,2.5,1.5,0.949162438540193,2.0051873329419,2.63390110953504,0.748059782424062,-1.88584132711098,0.944330780815428,-0.817224796612593
337,2350,ACC,2,1,1,2,2,0.5,-1.5,0.962962962962963,-0.650021386898342
338,2353,TTC,0,3,0.234185186867419,2.48170941700828,0,1.20884418596297,1.20884418596297,0.762981573119776,0.52384971620243
339,2368,CCC,2,4,1,1.97314010624922,2,2.02722553118829,0.0272255311882916,0.674422421719539,0.0117981183613716
340,2374,ACG,2,0,1,2,2,0,-2,1,-0.866695182531123
341,2377,TCT,0,1,0.741056432545642,2.25894356745436,0,0.442684808247298,0.442684808247298,0.752981189151453,0.191836395343824
342,2380,CCG,2,2,0.896799764698297,2.05541820905437,2.23015223545787,0.97303798866321,-1.25711424679466,0.91342053966782,-0.544767430794087
343,2383,GCA,0,4,0.924720149164355,1.87664094626247,0,2.13146793368567,2.13146793368567,0.201394858821403,0.92366649492247
344,2386,ACG,0.5,4.5,0.538504471507046,2.46149552849295,0.928497396875298,1.82815688588925,0.899659489013954,0.575253305545282,0.389865272523403
345,2389,ATT,3,4,0.66179801001494,2.33820198998506,4.53310519917139,1.71071619010364,-2.82238900906774,0.953437957230398,-1.2230754786939
346,2395,ACG,0,3,0.602839564526099,2.3760589131778,0,1.26259495644733,1.26259495644733,0.507463144395062,0.547142483120495
347,2398,GCG,1,4,0.611801055176567,2.19409947241172,1.6345182662547,1.82307140140883,0.188553135154124,0.69997085780906,0.0817090469446096
348,2401,AGA,0,5,0.501154737772776,2.27177834692212,0,2.20091894386359,2.20091894386359,0.369090469940151,0.95376292289403
349,2404,TAC,1,3,0.53146552125587,2.04028984062617,1.88158960460308,1.47037932565468,-0.411210278948396,0.808894883609834,-0.178196983885927
350,2407,TTC,2.83333333333333,5.16666666666667,0.940821017276655,2.03154837195702,3.01155403770085,2.54321616850773,-0.46833786919312,0.730732393174174,-0.202953087513284
351,2410,CGG,2,4,0.62540897821014,2.21397079463654,3.19790740088798,1.80670856620612,-1.39119883468187,0.874673879683652,-0.602872663980844
352,2413,GCC,1,6,0.792478715502233,2.13708295840361,1.26186354338394,2.80756532001078,1.54570177662684,0.395295301866402,0.669826141716139
353,2416,TCG,0,3,0.907312444663,1.74395522261961,0,1.72022765326146,1.72022765326146,0.284606793937456,0.745456509969263
354,2419,CGG,2,7,0.667017065706749,2.16328220163444,2.9984240326458,3.23582378420682,0.237399751561015,0.640786620480113,0.102876610506008
355,2431,AGC,0,3,0.390301317713121,2.60969868228688,0,1.14955800083828,1.14955800083828,0.658274958951711,0.498158190683323
356,2434,ACC,3,3,0.712931774393653,2.28706822560635,4.20797628574136,1.31172300258102,-2.89625328316034,0.968548548661047,-1.25508438395251
357,2440,AGA,1.66666666666667,5.33333333333333,0.893473561560635,2.01212311582099,1.86537882973895,2.65059990186396,0.785221072125016,0.524583064986673,0.340273660216338
358,2443,CGG,3,2,1.01065741745067,1.98934258254933,2.96836489615574,1.00535725598203,-1.96300764017371,0.952954733046024,-0.850664632505171
359,2446,TTG,0,2,0.147154761097368,2.18483553848001,0,0.915400708554657,0.915400708554657,0.877776649724375,0.396686692094949
360,2449,ACG,1.5,2.5,0.750214323683061,2.24978567631694,1.99942863345501,1.11121696004958,-0.888211673405433,0.843669620963808,-0.384904389204198
361,2452,TGT,0,3,0.691323754586811,2.17304911441622,0,1.38054864020224,1.38054864020224,0.436636434633334,0.598257427856589
362,2455,CGA,3,1,1.26918149213941,1.64488308872138,2.36372813390385,0.607945942697563,-1.75578219120629,0.96401692845322,-0.760863983346215
363,2458,GGA,1,7,0.937103327520881,1.95406587536219,1.06711818284277,3.58227431749329,2.51515613465051,0.21060038181771,1.0899368526076
364,2461,ACG,3,2,0.978904498798196,2.0210955012018,3.06465033482133,0.989562343199883,-2.07508799162145,0.958114229512341,-0.899234382833247
365,2464,CGT,3,3,0.596994838323553,2.39834792231011,5.02516907587414,1.25086104984733,-3.77430802602681,0.983251759536284,-1.63558729177299
366,2467,TCG,3,2,0.943888578123373,1.62897994491315,3.17834124655323,1.22776219943373,-1.95057904711951,0.936011645491975,-0.845278731642312
367,2470,AAG,1.5,5.5,0.566434611500055,2.2246397908481,2.64814326233992,2.47231035901918,-0.175832903320742,0.7077452476265,-0.0761967651192741
368,2473,GGC,3,4,1,1.98385051963916,3,2.01628094475967,-0.983719055240333,0.823920287075214,-0.426292283070432
369,2479,TGC,0,6,0.306148681755826,2.5020323494333,0,2.39805052934627,2.39805052934627,0.500272827213806,1.03918942062531
370,2482,CGC,3,5,0.638221528308779,2.20449939454876,4.70056221379697,2.2680886247299,-2.43247358906707,0.918441084114514,-1.05410657063931
371,2485,CGG,3.5,4.5,0.871972676402197,1.97431411189323,4.01388724064288,2.27927257010021,-1.73461467054267,0.865575998610409,-0.75169108925357
372,2488,GGA,3,5,0.997571292219985,1.97051241547916,3.00730386228721,2.53741106157109,-0.469892800716116,0.735660793841239,-0.203626913343357
373,2491,TGG,0,3,0.527708364453633,2.02245355143632,0,1.48334679818453,1.48334679818453,0.498806841460463,0.642804762004751
374,2494,AGA,2,5,0.759977030737403,1.98928435755638,2.63165848322996,2.51346670525372,-0.118191777976236,0.699802442123516,-0.051218122293396
375,2497,AGA,1.5,3.5,0.845378250400823,2.14923480061157,1.77435366865518,1.62848656601134,-0.145867102643846,0.71222829757166,-0.0632111575755973
376,2503,CGA,1.66666666666667,3.33333333333333,1.19353161568851,1.54639461601546,1.3964160184439,2.15555156414228,0.759135545698384,0.505694309595109,0.328969560172462
377,2521,ACC,1,3,0.844838436872286,2.15516156312771,1.18365826690147,1.39200700834985,0.208348741448378,0.683965306365631,0.0902874252498661
378,2527,CGT,0,2,0.964420857399039,2.01942966224012,0,0.990378638779343,0.990378638779343,0.458039926903134,0.429178197555894
379,2530,GGA,0.5,6.5,0.967981759269035,1.79613012866002,0.516538659135035,3.6188914690993,3.10235280996427,0.141191321082834,1.34439711745396
380,2533,ACC,3.5,3.5,0.758300773156852,2.24169922684315,4.61558279233884,1.56131561187575,-3.05426718046309,0.95666647787261,-1.32355932573514
381,2536,GCT,2,6,0.916682580690504,2.04244057989923,2.18178030446861,2.93766196140504,0.755881656936425,0.526986545576104,0.327559495315221
382,2539,TCG,2.5,2.5,0.939602092146514,1.50196968748519,2.660700759285,1.66448099507644,-0.996219764208555,0.816258128343776,-0.431709435190923
383,2542,AGG,0,4,0.478304656029307,2.36037831002978,0,1.69464360141046,1.69464360141046,0.478034117814398,0.734369722724818
384,2545,GCC,2,2,1,2,2,1,-1,0.888888888888889,-0.433347591265561
385,2548,CCG,0,5,0.943723096270795,2.0562769037292,0,2.43157912775859,2.43157912775859,0.151287035882273,1.0537189579858
386,2551,TGC,1,4,0.523801570008181,2.46015785242087,1.90911989817897,1.62591192921376,-0.283207968965201,0.786465564320498,-0.122727491178282
387,2554,CGG,1,3,1.21658810632184,1.78341189367816,0.821970882999458,1.68216888685917,0.860198003859713,0.46566780215035,0.372764732984051
388,2557,ACC,1,3,0.677065696142789,2.32293430385721,1.4769615499603,1.29147001489389,-0.185491535066407,0.778568975466098,-0.0803823099211789
389,2560,GCG,1,4,1.07152981542281,1.9006390031457,0.93324514689814,2.10455535921324,1.1713102123151,0.408380862460009,0.507584459131504
390,2563,GCG,3,4,1,2,3,2,-1,0.826703246456333,-0.433347591265561
391,2566,TGT,1.5,3.5,0.31288911634938,2.36568996760577,4.79403060579794,1.47948380723034,-3.31454679856761,0.939722941327342,-1.43635087129625
392,2569,TTG,2.5,2.5,0.952534322155486,1.55704067983577,2.62457734262295,1.60560994479842,-1.01896739782453,0.822488935363541,-0.441567067425398
393,2572,CCG,4,6,0.569411064244258,2.17925993490422,7.02480202998679,2.75322824225817,-4.27157378772861,0.962241493474057,-1.8510762118253
394,2575,ACA,3,2,1,2,3,1,-2,0.954732510288066,-0.866695182531123
395,2581,GCA,2.83333333333333,5.16666666666667,0.921546001327815,2.07408463067258,3.07454357053355,2.49105874960909,-0.583484820924458,0.74858977418613,-0.252851741687632
396,2584,TGT,1,7,0.393125236253951,2.49126191958413,2.54371866209581,2.8098209766593,0.266102314563482,0.700645949868067,0.115314797046276
397,2590,GCC,2,3,0.93355229295671,2.06644770704329,2.14235454734483,1.45176671530317,-0.690587832041662,0.821811957126247,-0.29926457357256
398,2596,AGG,0,4,0.472808583656398,2.26473675253408,0,1.76620969104877,1.76620969104877,0.468409431380256,0.765382715285874
399,2599,GCA,0.5,3.5,0.548402371042848,2.16194270440593,0.911739311136082,1.61891431852804,0.70717500739196,0.610217829560414,0.306452586056511
400,2602,ATG,2,4,0.585816494740354,2.40880034513937,3.41403838566622,1.66057764317058,-1.75346074249564,0.906424402258888,-0.759857989139209
401,2605,CCG,1,3,0.647572823455117,2.1861886819188,1.54422786716792,1.3722511807018,-0.17197668646611,0.773958546808481,-0.0745256828339214
402,2608,GGC,1,6,0.939504298592336,2.06049570140766,1.06439108527583,2.91192065865558,1.84752957337976,0.302235664292494,0.800622490416008
403,2611,TCT,0,3,0.903105598283632,2.09151124159609,0,1.43436953162662,1.43436953162662,0.340687988594283,0.621580581515109
404,2614,GCG,0,3,1,2,0,1.5,1.5,0.296296296296296,0.650021386898342
405,2617,GCT,3,4,0.963170761340606,2.01904921797176,3.11471248963621,1.98113050657488,-1.13358198306133,0.842248471053959,-0.491235021861664
406,2620,GGA,0.5,6.5,0.913929418657471,1.96175182936114,0.547088199364981,3.3133650764158,2.76627687705082,0.180872010218052,1.19875942144359
407,2623,AGA,2,7,0.495199894347467,2.45484462188322,4.03877307493256,2.85150430198307,-1.18726877294949,0.818930584458168,-0.514500062942481
408,2626,AGC,1,6,0.559331958517944,2.43097584774511,1.78784706429021,2.46814463646992,0.680297572179709,0.612622820018834,0.294805314247886
409,2632,TCG,3.58333333333333,7.41666666666667,0.669327218138557,2.21413983555591,5.35363456949923,3.34968304511108,-2.00395152438816,0.849177233810557,-0.868407566106559
410,2665,GGC,3,4,0.566273584979502,2.2505907548638,5.29779258573149,1.77731113102438,-3.52048145470711,0.966062064410353,-1.52559215849241
411,2671,CAG,3,5,0.776179885736642,1.87558665442107,3.8650834105973,2.66583257468492,-1.19925083591238,0.818931162676317,-0.519692461065841
412,2674,CGG,2.5,5.5,0.641842380536631,2.34952657999374,3.89503727988451,2.34089711809715,-1.55414016178736,0.84669727799782,-0.673482895599624
413,2677,TGG,1.5,7.5,0.551540367802499,2.41534116107316,2.71965587211041,3.10515140505769,0.385495532947288,0.62730940872699,0.167053560646341
414,2680,TTC,1.25,4.75,0.315661215968804,2.6205163395755,3.95994166139034,1.81261987504702,-2.14732178634333,0.898159585884,-0.930536723783943
415,2683,TCC,4,0,1,1.86127357529482,4,0,-4,1,-1.73339036506225
416,2686,AGG,3,4,0.580173147608021,2.2803829387388,5.17087013138856,1.75409135546869,-3.41677877591987,0.965014149019955,-1.48065285243217
417,2689,ACA,2,2,0.818752395091847,2.02631626331692,2.44274094584559,0.98701275620527,-1.45572818964032,0.925243810659544,-0.630836304518009
418,2692,GGG,3.83333333333333,5.16666666666667,0.9441303472128,2.0558696527872,4.06017383579487,2.51312949712647,-1.5470443386684,0.851021785214573,-0.670407937742973
419,2713,GTG,2,3,0.96131937811733,2.02297944556472,2.08047402926262,1.48296118706364,-0.597512842198984,0.806443595012335,-0.258930750917169
420,2716,CTG,4,4,1.01318494841618,1.98681505158382,3.94794652866965,2.01327244667859,-1.93467408199107,0.907480217662821,-0.83838635331474
421,2719,CTG,3,7,1.00713128919921,1.87864104882281,2.9787576179719,3.72609765148394,0.747340033512042,0.516547173191905,0.323858003378768
422,2722,GTG,1.5,7.5,0.823486029682674,1.93235074951544,1.82152452613922,3.88128294093644,2.05975841479722,0.332057529512449,0.892591347641346
423,2731,TTG,3,9,0.640413978316898,2.34892860423243,4.68446989224758,3.83153408059458,-0.852935811653,0.755482236176791,-0.369617679483964
424,2734,CTG,3,3,0.7605467376587,2.22947690858003,3.94453075853738,1.34560711907562,-2.59892363946176,0.960055292879126,-1.12623729904388
425,2737,CTG,3,5,0.686561829980403,2.27314832939343,4.36959916645181,2.19959249264398,-2.17000667380783,0.909632376118368,-0.940367165124816
426,2752,GTG,4,4,1.04202365648506,1.95797634351494,3.83868444358811,2.04292560185852,-1.79575884172959,0.896949314570593,-0.778187768557352
427,2755,GCG,3,7,0.884528223379101,2.10322728672227,3.39163852628615,3.32821851646334,-0.063420009822809,0.660116646841007,-0.0274829084947525
428,2761,CTG,2.83333333333333,6.16666666666667,1.07795442436736,1.90922534300055,2.62843518175288,3.22993128562555,0.601496103872675,0.536708213682797,0.260656887768844
429,2785,AGG,0.5,11.5,0.730525754196626,2.24903826989047,0.684438566508665,5.11329671618264,4.42885814967397,0.100876447743195,1.91923501121807
430,2788,AAG,3,4,0.427921323484742,2.35545662373669,7.01063451470412,1.69818453020562,-5.3124499844985,0.986777282763736,-2.30213740450119
431,2791,AAG,1,1,0.393829506844529,2.37130545305478,2.53916982506536,0.421708640998472,-2.11746118406689,0.97971458779619,-0.917596703713709
432,2806,TCC,4,8,0.817644098124954,2.13959612818872,4.89210404523547,3.73902340474528,-1.15308064049019,0.783067155417679,-0.499684718091374
433,2809,GGA,0.5,9.5,0.747865098928371,2.04772458708696,0.668569773768637,4.63929576267601,3.97072598890737,0.125651260498755,1.72070454286857
434,2824,TCC,3.25,8.75,0.784631403030859,2.10511630031606,4.14207229973968,4.15653994921149,0.0144676494718148,0.634814729199411,0.00626952104988541
435,2827,GAG,3,5,0.618678847515629,2.22944427714577,4.849042458857,2.24271135693116,-2.60633110192584,0.926542771766128,-1.12944730506008
436,2830,ACG,3,5,0.51739227065302,2.46482770865934,5.7983084985278,2.02853935081717,-3.76976914771063,0.964882400538801,-1.63362037978763
437,2833,GCC,1,5,0.831500051656896,2.0692523608776,1.20264574609146,2.41633166380896,1.2136859177175,0.449469808927949,0.525947868995811
438,2836,TTC,3,6,0.78120534311699,2.21879465688301,3.84021951005874,2.70417092514044,-1.1360485849183,0.814306847168555,-0.492303917834996
439,2839,GTG,3,3,1,1.74105643254564,3,1.72309176424203,-1.27690823575797,0.865809212068757,-0.553345108232875
440,2842,GTG,2,2,1,2,2,1,-1,0.888888888888889,-0.433347591265561
441,2845,CCG,0,3,1.11783646095602,1.85808540076122,0,1.61456518563192,1.61456518563192,0.243406651341534,0.699667934134828
442,2848,GAG,2,3,0.38877544139031,2.36227205602314,5.14435786593863,1.26996380131189,-3.87439406462674,0.977421536010009,-1.67895933551958
443,2851,CTG,4,2,1.04141711699479,1.95381791409659,3.84092016035109,1.02363684229232,-2.81728331805877,0.978346108355866,-1.22086293979342
444,2854,AGG,2,5,0.492955115281754,2.35143026270303,4.05716451254771,2.12636542078537,-1.93079909176234,0.894661319901632,-0.836707135632943
445,2857,AGG,2.83333333333333,2.16666666666667,0.766453274943703,2.08785916152342,3.69668109715031,1.03774560401179,-2.65893549313852,0.962322090992046,-1.15224329128208
446,2860,TTC,2,1,0.281967213114754,2.67774294625908,7.09302325581396,0.373448841083511,-6.71957441473044,0.999135334191548,-2.91191138695313
447,2863,ACG,1.5,6.5,0.352919155764024,2.6411992500363,4.25026518255349,2.46100327338449,-1.789261909169,0.850247038181878,-0.775372338481605
448,2866,TAC,2.5,7.5,0.480819811951126,2.22804910526892,5.19945297148887,3.36617356514446,-1.83327940634441,0.829894944474953,-0.794447214856109
449,2869,GGC,1.5,5.5,0.571123407099105,2.26330390493859,2.62640259767835,2.43007577904092,-0.196326818637434,0.71099573712567,-0.0850777539573629
450,2872,GAG,2,2,0.403040330681376,2.29845775501016,4.9622825502818,0.870148688023706,-4.09213386225809,0.988203408629057,-1.77331635234578
451,2875,CTG,5,2,1.16079977363831,1.77183544024941,4.30737506463189,1.1287729969542,-3.17860206767769,0.982212534174994,-1.37743954961986
452,2878,GAC,2,6,0.422644550966574,2.34344415818108,4.73210880260035,2.5603341044222,-2.17177469817815,0.890050853841392,-0.941133334226994
453,2887,ACG,3,0,1,2,3,0,-3,1,-1.30004277379668
454,2890,GCA,2.5,5.5,0.322268435708743,2.67465789851221,7.75750809880565,2.05633774811328,-5.70117035069237,0.973741434414217,-2.47058843886717
455,2893,TCC,3.5,5.5,0.917161251984296,1.7600848972907,3.81612283818978,3.12484926634286,-0.691273571846916,0.734001282393754,-0.299561737265402
456,2896,TTC,1.25,2.75,0.304113742905777,2.68156959106502,4.1103042172852,1.02551878913118,-3.08478542815401,0.958435224555985,-1.33678433486165
457,2899,GCC,2,4,0.305446716279138,2.69455328372086,6.54778687544398,1.48447611860786,-5.06331075683612,0.983343821737459,-2.19417352030394
458,2902,GAA,2.5,10.5,0.416648705118271,2.45246737775871,6.00025865744702,4.2814025153704,-1.71885614207662,0.801253268597393,-0.74486216890092
459,2905,TCC,2,6,0.653693486158542,2.32497402067026,3.05953790629471,2.58067399749709,-0.478863908797629,0.752626586409871,-0.207514521421464
460,2908,AAC,1.5,3.5,0.318938619037404,2.67669201296299,4.70309931273668,1.30758413110279,-3.39551518163388,0.949343504784551,-1.47143832506669
461,2911,GTG,3,2,0.870626156152751,2.12937384384725,3.44579585485558,0.939243245510379,-2.5065526093452,0.97276805790654,-1.08620853564015
462,2920,GAG,0.5,6.5,0.703201479299778,2.16865647692712,0.711033771569823,2.99724740601157,2.28621363444175,0.298931654840506,0.990725171603818
463,2923,CAG,0,3,0.359062133884363,2.38994796257196,0,1.25525745622157,1.25525745622157,0.657107357851679,0.543962795071754
464,2932,CTG,2.5,3.5,0.758443412397534,1.98755692267074,3.29622481932724,1.7609558549382,-1.53526896438904,0.866947711748463,-0.665305107662764
465,2935,AGC,0,1,0.281967213114754,2.71803278688525,0,0.367913148371532,0.367913148371532,0.906010928961749,0.159434276641732
466,2938,ACG,2,1,1,2,2,0.5,-1.5,0.962962962962963,-0.650021386898342
467,2941,GTG,5,0,1,2,5,0,-5,1,-2.16673795632781
468,2944,TAC,1,1,0.329406069916036,1.98923367975944,3.03576676730606,0.502706147686446,-2.53306061961962,0.979816492456593,-1.09769571804181
469,2947,AAG,2,1,0.373203316078731,2.39193164382058,5.35900918838053,0.418072147915866,-4.94093704046466,0.997541402233521,-2.14114316508015
470,2950,GGC,3,0,1,1.97294140263162,3,0,-3,1,-1.30004277379668
471,2953,GTG,2.5,5.5,0.652161883405738,2.19406005088483,3.83340404217498,2.50676821620354,-1.32663582597144,0.821355463951764,-0.57489443967132
472,2974,GAC,2,2,0.409788035812075,2.59021196418793,4.88057196700877,0.772137580882124,-4.10843438612665,0.990849724937504,-1.78038014510059
473,2977,GGG,5,4,0.98864441477935,1.98429698785227,5.05743007825106,2.01582728013384,-3.04160279811722,0.958058504302026,-1.31807124615069
474,2980,AAG,1.5,4.5,0.54233438975371,2.3116918954521,2.76582128727111,1.9466261956678,-0.819195091603318,0.796428129155371,-0.354996219722869
475,2983,GCC,3,4,0.964420857399039,2.03557914260096,3.11067515492225,1.96504273220691,-1.14563242271533,0.844432242852854,-0.496457050859419
476,2986,GTG,2,5,0.779211874021484,2.22078812597852,2.56669599973891,2.25145296010484,-0.315243039634072,0.735937788522338,-0.136609811888659
477,2989,GCC,2,1,1,2,2,0.5,-1.5,0.962962962962963,-0.650021386898342
478,2992,GTG,2,2,0.916965061616112,2.08303493838389,2.18110818363688,0.960137520089648,-1.22097066354723,0.911961416273976,-0.529104696054108
479,2995,AAG,1,0,0.362427154208633,2.39046331579205,2.75917515668361,0,-2.75917515668361,1,-1.19568190802862
480,2998,CGG,3,6,0.808846228744243,2.05985233761321,3.70898681775099,2.91283015313239,-0.796156664618596,0.769786590675807,-0.345012572882492
481,3001,CTC,4,2,1.13592620647724,1.83850952604517,3.52135550460173,1.08783771401077,-2.43351779059096,0.966771864618672,-1.05455907285448
482,3013,CAG,1.5,4.5,0.392437243522841,2.34524432422462,3.82226718986904,1.91877662958966,-1.90349056027938,0.875001951983296,-0.824873049293804
483,3016,TTC,0,2,0.293826927315074,2.6943133584846,0,0.742304154675195,0.742304154675195,0.813006922270849,0.321675717414914
484,3019,CCG,3,2,1.01397171809901,1.87978251203605,2.95866240295577,1.06395287071468,-1.89470953224109,0.945754190708087,-0.821067811944576
485,3022,GCC,2,3,0.943951272173632,2.0329615138395,2.11875343458631,1.47567968187166,-0.643073752714655,0.813586455603118,-0.278674461745001
486,3025,ATG,1,3,0.37108118397095,2.35709145038473,2.69482809475537,1.27275503014969,-1.42207306460567,0.908099144562433,-0.616251937150504
487,3028,TCC,3,2,1,1.87293935443593,3,1.06784023479625,-1.93215976520375,0.947042886085969,-0.837296780191277
488,3037,AAG,2,2,0.377732401123703,2.38625032996917,5.29475362465669,0.83813503339603,-4.45661859126066,0.990836893086581,-1.93126493171213
489,3040,AGC,0,4,0.269764329468381,2.36760570601807,0,1.68947050171093,1.68947050171093,0.649461245879261,0.73212797243065
490,3043,TTC,1,2,0.329406069916036,2.67059393008396,3.03576676730606,0.748897081458251,-2.28686968584781,0.966478199779155,-0.991009469900381
491,3046,CTC,1,3,0.735687470078617,2.01073792493405,1.35927284434128,1.49198956402953,0.132716719688254,0.707793029724392,0.0575124707975718
492,3049,ACG,2,2,0.986134332912474,2,2.0281212541228,1,-1.0281212541228,0.891621338958758,-0.445533869003045
493,3052,GAG,1,1,0.38950539595747,2.30932587949198,2.56735852796553,0.433026801838806,-2.13433172612672,0.979170660996968,-0.924907512478684
494,3055,CTT,2,7,0.78451084653319,2.19693503251249,2.5493592712429,3.18625717028809,0.636897899045193,0.563913486207095,0.275998170433331
495,3067,AGC,0,1,0.317546355715716,2.68245364428428,0,0.372793021840575,0.372793021840575,0.894151214761428,0.161548958055223
496,3070,CGC,4,2,0.660645180924527,2.17274184201207,6.05468732005625,0.920495919638524,-5.13419140041772,0.996668541090328,-2.22488947646738
497,3106,TAC,3,3,0.281967213114754,2.21857188716016,10.6395348837209,1.35222122725087,-9.28731365647006,0.997991780194237,-4.02463500235905
498,3109,GCC,4,2,0.968597647364104,1.99766211140569,4.1296817216988,1.00117031232707,-3.12851140937172,0.983786193648199,-1.35573288349806
499,3112,TGG,0,2,0.0714509743869059,2.239041490471,0,0.893239365376515,0.893239365376515,0.939107198741077,0.387083127409492
500,3115,GAG,1.5,1.5,0.395850439731383,2.30821456115738,3.78930992477329,0.649852931890297,-3.13945699288299,0.969423167173533,-1.36047612574767
501,3118,CGC,2,4,0.500802757201806,2.49919724279819,3.9935882365641,1.60051392963344,-2.39307430693066,0.937455956575866,-1.03703298662791
502,3121,GAG,4,3,0.979276857614222,1.98330297382451,4.0846467154805,1.51262819629365,-2.57201851918685,0.956316816853781,-1.11457802998004
503,3151,ATG,2.5,4.5,0.417551825682313,2.38055870526066,5.98728073075672,1.89031255144253,-4.0969681793142,0.957652820735317,-1.77541129199746
504,3154,ATG,0,7,0.240841001368325,2.74988193815451,0,2.54556383053223,2.54556383053223,0.555603619492423,1.10311395437388
505,3157,AAG,1,1,0.346337484936895,2.41879747496242,2.88735711117787,0.413428577775217,-2.47392853340265,0.984312045123215,-1.07207097091318
506,3160,GCG,4,2,0.964420857399038,2.03557914260096,4.14756687322966,0.982521366103457,-3.16504550712621,0.984918257929416,-1.37156484675903
507,3163,CTG,4,2,1.03077553259256,1.82240877006899,3.88057329022873,1.09744862560351,-2.78312466462522,0.97419151365402,-1.20606036960711
508,3166,GTC,4,1,1,2,4,0.5,-3.5,0.995884773662552,-1.51671656942946
509,3169,CTC,2,2,0.828311177442644,2.03259701905542,2.4145515048763,0.98396287175971,-1.43058863311659,0.92400065748203,-0.619942138252968
510,3172,GAG,2,5,0.50368270029721,2.24798802805389,3.97075380754561,2.22421113351238,-1.74654267403323,0.87985567650173,-0.756860060834812
511,3175,TAC,1,2,0.317546355715716,2.01332779624364,3.14914651672228,0.993380215448021,-2.15576630127426,0.949377196915616,-0.93419613398867
512,3178,ATG,0,1,0.032120226163081,2.95173029347608,0,0.338784340225868,0.338784340225868,0.98923530989516,0.146811377795372
513,3181,GAC,1,4,0.426414900891762,2.37094755889997,2.34513380725838,1.68708919140154,-0.658044615856838,0.830707546671201,-0.285162049226832
514,3184,AAC,1,3,0.288646599564685,2.69076588458087,3.46444406935029,1.1149241995341,-2.34951986981619,0.950695281316676,-1.01815877621542
515,3187,GGC,2.5,2.5,0.96420248759791,1.84898155344428,2.59281637639017,1.35209569578615,-1.24072068060402,0.862953390016365,-0.53766331837312
516,3190,GAC,0,5,0.315805969685403,2.6841940303146,0,1.86275654573823,1.86275654573823,0.573407352205998,0.80722106220982
517,3193,CTG,3,2,0.983460694994588,1.82701436667923,3.05045236201993,1.09468214179136,-1.95577022022857,0.946018259579569,-0.847528314004967
518,3196,GAC,1,3,0.370040963532447,2.42536305682211,2.7024035135297,1.23692821640107,-1.46547529712863,0.91249725613664,-0.635060190069876
519,3199,GCG,3,6,0.549811846678157,2.38887289420644,5.45641207646824,2.51164472356456,-2.94476735290368,0.930444571908264,-1.27610783921827
520,3202,GCC,3.66666666666667,6.33333333333333,0.925529821520087,2.04091551361442,3.96169478433936,3.10318251347756,-0.858512270861799,0.758045640241671,-0.372034224649888
521,3205,ATC,3,2,0.606890648472211,2.37856040401628,4.94322990072794,0.840844738112571,-4.10238516261537,0.992850242015834,-1.77775872866295
522,3208,CAC,2,1,0.281967213114754,2.71803278688525,7.09302325581395,0.367913148371532,-6.72511010744242,0.999169705671237,-2.91431026605585
Maximum Likelihood analysis of natural selection codon-by-codon 
NOTE.--For each codon, estimates of the numbers of inferred synonymous (s) and nonsynonymous (n) substitutions are presented along with the numbers of sites that are estimated to be synonymous (S) and nonsyonymous (N). These estimates are produced using the joint Maximum Likelihood reconstructions of ancestral states under a Muse-Gaut model [1] of codon substitution and Felsenstein 1981 model [2] of nucleotide substitution. For estimating ML values, a tree topology was automatically computed. The test statistic dN - dS is used for detecting codons that have undergone positive selection, where dS is the number of synonymous substitutions per site (s/S) and dN is the number of nonsynonymous substitutions per site (n/N). A positive value for the test statistic indicates an overabundance of nonsynonymous substitutions. In this case, the probability of rejecting the null hypothesis of neutral evolution (P-value) is calculated [3, 4]. Values of P less than 0.05 are considered significant at a 5% level and are highlighted. Normalized dN - dS for the test statistic is obtained using the total number of substitutions in the tree (measured in expected substitutions per site). It is useful for making comparisons across data sets. Maximum Likelihood computations of dN and dS were conducted using HyPhy software package [5] The analysis involved 12 nucleotide sequences. Codon positions included were 1st+2nd+3rd+Noncoding. All positions containing gaps and missing data were eliminated. There were a total of 1566 positions in the final dataset. Evolutionary analyses were conducted in MEGA7 [6]. 



1. SV Muse, BS Gaut. (1994) A likelihood approach for comparing synonymous and nonsynonymous nucleotide substitution rates, with application to the chloroplast genome. Mol Biol Evol 11:715-724.
2. Felsenstein J. (1981). Evolutionary trees from DNA sequences: a maximum likelihood approach. J. Molecular Evolution 17:368-376.
3. Kosakovsky Pond, S. L., and Frost, S. D. W. (2005) Not So Different After All: A Comparison of Methods for Detecting Amino Acid Sites Under Selection . Mol Biol Evol 22:1208-1222.
4. Suzuki Y, Gojobori T. (1999) A method for detecting positive selection at single amino acid sites. Mol Biol Evol 16:1315-28.
5. Sergei L. Kosakovsky Pond, Simon D. W. Frost, Spencer V. Muse. (2005) HyPhy: hypothesis testing using phylogenies. Bioinformatics 21:676-679.
6. Kumar S., Stecher G., and Tamura K. (2016). MEGA7: Molecular Evolutionary Genetics Analysis version 7.0 for bigger datasets.Molecular Biology and Evolution 33:1870-1874.
Disclaimer: Although utmost care has been taken to ensure the correctness of the caption, the caption text is provided "as is" without any warranty of any kind. Authors advise the user to carefully check the caption prior to its use for any purpose and report any errors or problems to the authors immediately (www.megasoftware.net). In no event shall the authors and their employers be liable for any damages, including but not limited to special, consequential, or other damages. Authors specifically disclaim all other warranties expressed or implied, including but not limited to the determination of suitability of this caption text for a specific purpose, use, or application. 
